id,first_name,last_name,date_of_birth,email,phone,address,postcode,join_date
1,Mishti,Howard,1970-11-12,mishti.howard@hotmail.com,+44 4166 2136532,"Walthamstow Wetlands, Lebus Street, Hale Village, Tottenham, London Borough of Haringey, London, Greater London, England, N17 9FD, United Kingdom",TW7 3SR,2022-03-09 05:50:45
2,Lavanya,Williams,1937-07-27,lavanya.williams@yahoo.com,+44 4928 7455739,"Laser Clinics, Barnard Road, Clapham Junction, London Borough of Wandsworth, London, Greater London, England, SW11 1QT, United Kingdom",L1 0NT,2020-11-20 08:14:17
3,Elizabeth,Trevisani,1926-06-06,elizabeth.trevisani@club-internet.fr,+44 6996 1051792,"Centre Path, Wimbledon Village, London Borough of Merton, London, Greater London, England, SW19 5NR, United Kingdom",AL5Y 9XR,2021-11-13 02:41:43
4,Giada,Kalla,1922-09-10,giada.kalla@yahoo.com,+44 9352 5568436,"2A, Stanhope Gardens, Shepherd's Hill, Crouch End, London Borough of Haringey, London, Greater London, England, N6 5AN, United Kingdom",IG0 9GX,2014-03-18 02:41:39
5,Jacqueline,Bansal,1920-02-29,jacqueline.bansal@yahoo.fr,+44 0379 1620975,"Caffe Concerto, 28, South Molton Street, East Marylebone, Mayfair, London, Greater London, England, W1C 2JR, United Kingdom",B1F 5ZG,2021-09-09 12:03:38
6,Nitara,Singh,1977-11-17,nitara.singh@hotmail.com,+44 3299 9336452,"23, Drayton Park, Lower Holloway, London Borough of Islington, London, Greater London, England, N5 1PB, United Kingdom",IG2 9RS,2023-06-16 01:09:22
7,Cesar,Talwar,1930-01-13,cesar.talwar@yahoo.com,+44 2961 4623786,"Dryden Road, Merton, London Borough of Merton, London, Greater London, England, SW19 8SG, United Kingdom",B7 5LT,2023-09-28 03:25:12
8,Leonard,Kennedy,1990-03-16,leonard.kennedy@yahoo.com,+44 1932 9313924,"Affleck Street, Pentonville, Barnsbury, London Borough of Islington, London, Greater London, England, N1 9JL, United Kingdom",N05 9HA,2023-07-25 05:17:26
9,Shayak,Priuli,2002-11-05,shayak.priuli@hotmail.co.uk,+44 8201 0922878,"Rowcross Street, Bermondsey Spa, Old Kent Road, London Borough of Southwark, London, Greater London, England, SE1 5HQ, United Kingdom",DG9 8XN,2023-05-23 00:49:12
10,Allison,Johnson,1954-03-02,allison.johnson@hotmail.com,+44 2315 6350584,"Abbeville Village, Clapham Park, London Borough of Lambeth, London, Greater London, England, SW4 9QP, United Kingdom",W1 1XZ,2018-05-27 21:07:38
11,Yuvaan,Perrier,1988-09-05,yuvaan.perrier@yahoo.com,+44 3548 5531313,"Luttrell Avenue, Roehampton, London Borough of Wandsworth, London, Greater London, England, SW15 6HQ, United Kingdom",B7F 5NR,2021-12-31 12:52:01
12,Angela,Gosselin,1914-01-08,angela.gosselin@hotmail.com,+44 5121 9287484,"Julian's Primary School, 226, Leigham Court Road, West Norwood, London Borough of Lambeth, London, Greater London, England, SW16 2RB, United Kingdom",GU31 4TB,2021-09-12 20:39:54
13,Ippazio,Mani,1979-10-25,ippazio.mani@hotmail.com,+44 1556 5498725,"Poplar Walk Passage, Loughborough Junction, London Borough of Lambeth, London, Greater London, England, SE24 0HU, United Kingdom",W55 2WG,2021-06-04 23:29:26
14,Adrien,Boase,1992-03-03,adrien.boase@gmail.com,+44 8494 7853830,"107, Chatsworth Road, Brondesbury, London Borough of Brent, London, Greater London, England, NW2 5QZ, United Kingdom",LE1 5WX,2017-07-04 04:22:53
15,Francesco,Murray,2001-12-24,francesco.murray@yahoo.com,+44 7527 1032700,"Chalkenden Close, Anerley, London Borough of Bromley, London, Greater London, England, SE20 8QZ, United Kingdom",N2 1WX,2023-01-08 22:34:27
16,Tina,Missoni,1992-10-25,tina.missoni@yahoo.co.uk,+44 6356 1344089,"Holly Park Estate, Finsbury Park, London Borough of Islington, London, Greater London, England, N4 4AB, United Kingdom",N71 7LR,2021-12-17 19:25:46
17,Sébastien,Pichon,1925-08-06,sébastien.pichon@yahoo.co.uk,+44 5020 3799213,"22, Hillview, Cottenham Park, Copse Hill, London Borough of Merton, London, Greater London, England, SW20 0TA, United Kingdom",SM3H 8EF,2019-07-02 00:21:36
18,Dino,Romero,2000-07-20,dino.romero@yahoo.com,+44 3848 7236828,"Park Campus Academy, Gipsy Road, West Norwood, London Borough of Lambeth, London, Greater London, England, SE27 9NP, United Kingdom",M9G 4PS,2023-02-08 22:48:10
19,Aradhya,Gola,1981-07-08,aradhya.gola@hotmail.it,+44 7335 0797531,"Clarkson Street, Bethnal Green, London Borough of Tower Hamlets, London, Greater London, England, E2 0BD, United Kingdom",N3 9UG,2021-12-20 19:27:27
20,Glenn,Mitchell,1938-12-29,glenn.mitchell@gmail.com,+44 8681 1297418,"Parchmore Medical Centre, 97, Parchmore Road, Thornton Heath, London Borough of Croydon, London, Greater London, England, CR7 8LY, United Kingdom",NW6 2BY,2020-06-29 11:54:57
21,Guy,Manne,1983-05-29,guy.manne@live.com,+44 7309 4807557,"229, Hermitage Road, Harringay Warehouse District, West Green, London Borough of Haringey, London, Greater London, England, N4 1NN, United Kingdom",S4 0QW,2020-12-14 22:51:20
22,Laura,Reyes,2005-01-14,laura.reyes@hotmail.it,+44 1057 8436496,"Jesus House for All The Nations, 112, Brent Terrace, Brent Cross, London Borough of Barnet, London, Greater London, England, NW2 1LT, United Kingdom",TA7 8GS,2023-03-17 22:15:52
23,Kimberley,Wilson,1987-11-23,kimberley.wilson@gmail.com,+44 0812 1669089,"Dalby Street, Cresswood, Chalk Farm, London Borough of Camden, London, Greater London, England, NW5 3LR, United Kingdom",HP81 2EH,2018-03-19 22:43:40
24,Francis,Wilkinson,1916-03-18,francis.wilkinson@laposte.net,+44 6834 5105210,"Putney Bridge Road, London Borough of Wandsworth, London, Greater London, England, SW15 2NL, United Kingdom",N5 6AG,2023-07-20 00:40:26
25,Dharmajan,Robson,1957-11-11,dharmajan.robson@yahoo.com,+44 7196 2985142,"Wedmore Mews, Archway, London Borough of Islington, London, Greater London, England, N19 4RG, United Kingdom",WS9X 5FQ,2017-03-25 17:36:21
26,Anaïs,Savorgnan,1983-05-31,anaïs.savorgnan@free.fr,+44 9370 4790006,"Portland Avenue, Upper Clapton, Stamford Hill, London Borough of Hackney, London, Greater London, England, N16 6HJ, United Kingdom",M9C 9XB,2022-05-25 17:08:48
27,Stuart,Morris,2004-12-27,stuart.morris@hotmail.com,+44 5365 8216704,"116, Gordon Road, Tappesfield Estate, Nunhead, London Borough of Southwark, London, Greater London, England, SE15 2AG, United Kingdom",G4B 0EY,2023-02-16 19:00:44
28,Shanaya,Basak,1966-11-06,shanaya.basak@free.fr,+44 4314 9798160,"24, Scrubs Lane, College Park, London Borough of Hammersmith and Fulham, London, Greater London, England, NW10 6RA, United Kingdom",B5 7ZB,2023-03-11 20:13:21
29,Jasmine,Small,1965-02-23,jasmine.small@tele2.it,+44 5626 8880544,"64, Lancaster Road, Lancaster West Estate, North Kensington, Royal Borough of Kensington and Chelsea, London, Greater London, England, W11 1DP, United Kingdom",IG8 3NJ,2019-12-26 11:47:23
30,Robert,Ali,1990-05-30,robert.ali@yahoo.com,+44 1866 3166705,"24-42, Gore Road, Victoria Park Village, London Borough of Hackney, London, Greater London, England, E9 7HP, United Kingdom",E6 9WB,2017-05-16 14:09:32
31,Torquato,Manzoni,1950-05-29,torquato.manzoni@gmail.com,+44 4524 0037318,"Argyle Primary School, Tonbridge Street, King's Cross, London Borough of Camden, London, Greater London, England, WC1H 9EG, United Kingdom",E6F 4UP,2020-05-12 19:17:15
32,Timothy,Colin,1945-05-08,timothy.colin@hotmail.com,+44 5606 3502430,"Philip Lane, West Green, London Borough of Haringey, London, Greater London, England, N15 4HL, United Kingdom",W93 5JN,2018-06-26 14:53:04
33,Ornella,Trezzini,2001-07-12,ornella.trezzini@hotmail.com,+44 0818 5997995,"Lightermans Walk, Wandsworth Riverside Quarter, London Borough of Wandsworth, London, Greater London, England, SW18 1PR, United Kingdom",M7 8NZ,2023-04-16 12:49:41
34,Anya,Macdonald,1992-08-31,anya.macdonald@yahoo.com,+44 0925 2800838,"16, Hollywood Road, The Boltons, World's End, Royal Borough of Kensington and Chelsea, London, Greater London, England, SW10 9HR, United Kingdom",G4G 2SR,2022-12-26 21:24:00
35,William,Krishna,1971-12-06,william.krishna@yahoo.com,+44 8296 6518982,"Wedderburn Road, Belsize Park, London Borough of Camden, London, Greater London, England, NW3 5QS, United Kingdom",HP52 0AB,2022-02-27 07:35:35
36,Renee,Querini,1981-05-11,renee.querini@yahoo.com,+44 1979 0009754,"Tesco Express, 459, Fulham Road, Lot's Village, World's End, Royal Borough of Kensington and Chelsea, London, Greater London, England, SW10 9UZ, United Kingdom",NR3E 8HR,2022-01-23 01:46:40
37,Sean,Chad,1927-11-19,sean.chad@vodafone.it,+44 4280 0773330,"Alderwick Court, 1-3, Alderwick Court, The Grove, Barnsbury, London Borough of Islington, London, Greater London, England, N7 8BA, United Kingdom",E0 4XT,2020-06-24 09:04:12
38,Mamooty,Karnik,1933-06-13,mamooty.karnik@yahoo.com,+44 1605 0843020,"Ravenscourt Avenue, Brook Green, London Borough of Hammersmith and Fulham, London, Greater London, England, W6 0SL, United Kingdom",LE2 9WN,2018-01-23 11:11:38
39,Kenneth,Girard,1924-10-27,kenneth.girard@gmail.com,+44 3707 5049205,"Saint Anthony's Catholic Primary School, Etherow Street, East Dulwich, London Borough of Southwark, London, Greater London, England, SE22 0LA, United Kingdom",DL9 8JN,2020-12-02 04:39:41
40,Anthony,Noël,1931-11-24,anthony.noël@outlook.com,+44 3597 4044528,"20, Cowcross Street, Clerkenwell Green, Clerkenwell, London Borough of Islington, London, Greater London, England, EC1M 6AL, United Kingdom",M4 8UB,2021-07-26 12:38:19
41,Guillaume,Borsellino,1981-02-13,guillaume.borsellino@hotmail.com,+44 0291 6875547,"24-25, Foley Street, East Marylebone, Fitzrovia, Camden Town, City of Westminster, Greater London, England, W1W 6DY, United Kingdom",E1W 9HS,2016-02-11 12:10:40
42,Mohanlal,Marin,2002-03-04,mohanlal.marin@voila.fr,+44 2663 5069853,"Six Acres Estate, Finsbury Park, London Borough of Islington, London, Greater London, England, N4 3PD, United Kingdom",B0 7AQ,2023-01-24 13:06:02
43,Lakshit,Agostini,1931-02-11,lakshit.agostini@tele2.it,+44 4781 3376840,"Vincent Gardens, Dollis Hill, London Borough of Brent, London, Greater London, England, NW2 7RH, United Kingdom",AL7X 4JL,2020-06-22 17:08:51
44,Renée,Yohannan,1938-08-03,renée.yohannan@wanadoo.fr,+44 4105 6659593,"Gibbon Road, Barset Estate, Nunhead, London Borough of Southwark, London, Greater London, England, SE15 3XF, United Kingdom",B68 8SB,2023-05-28 12:38:33
45,Colette,Altera,1988-08-31,colette.altera@gmail.com,+44 9851 3209472,"Parkland Walk Local Nature Reserve, Parkland Walk, Stroud Green, London Borough of Haringey, London, Greater London, England, N4 4LP, United Kingdom",G6 1TL,2023-07-05 12:50:04
46,Divyansh,Walker,1941-03-25,divyansh.walker@hotmail.com,+44 1135 7368727,"Birkbeck, University of London, Malet Street, Bloomsbury, London Borough of Camden, London, Greater London, England, WC1E 7JN, United Kingdom",FY3B 5HB,2022-02-04 00:18:46
47,Saksham,Legros,1939-08-19,saksham.legros@voila.fr,+44 3057 4064189,"Dog Kennel Hill Adventure Playground, Albrighton Road, East Dulwich Estate, East Dulwich, London Borough of Southwark, London, Greater London, England, SE22 8AP, United Kingdom",E13 8FA,2016-11-08 13:56:35
48,Sergius,Jha,1948-01-05,sergius.jha@hotmail.it,+44 9772 3046161,"50, Castle Road, Cresswood, Kentish Town, London Borough of Camden, London, Greater London, England, NW1 8SN, United Kingdom",S2F 8JH,2023-07-10 11:09:01
49,Eugène,Smith,1919-12-21,eugène.smith@gmail.com,+44 6623 3963869,"Crediton Hill, West Hampstead, London Borough of Camden, London, Greater London, England, NW6 1LN, United Kingdom",NE1 4DU,2017-12-24 11:31:58
50,Donald,Wright,1960-02-08,donald.wright@outlook.com,+44 7756 1214568,"Holmewood Gardens, Streatham Hill, London Borough of Lambeth, London, Greater London, England, SW2 3RT, United Kingdom",SL7 7ZU,2020-01-29 17:20:31
51,Carly,Delattre,1955-04-21,carly.delattre@ifrance.com,+44 5023 6306770,"Sunny Bank, South Norwood, London Borough of Croydon, London, Greater London, England, SE25 4TF, United Kingdom",L3C 4ZA,2018-12-23 22:47:48
52,Élisabeth,Bahri,1945-02-22,élisabeth.bahri@yahoo.com,+44 9625 8064114,"Watermeads Nature Reserve, Osier Way, Willow Lane Industrial Estate, Mitcham, London Borough of Merton, London, Greater London, England, CR4 4NF, United Kingdom",M0 8FP,2022-07-15 23:43:26
53,Elisa,Logan,1951-12-18,elisa.logan@voila.fr,+44 8712 9257618,"10, Oakhill Road, Earlsfield, London Borough of Wandsworth, London, Greater London, England, SW15 2QH, United Kingdom",SY01 6NX,2023-08-16 14:03:38
54,Gabriel,Thakur,1974-12-08,gabriel.thakur@gmail.com,+44 4870 8480153,"Bream Close, Heron Wharf, Tottenham, London Borough of Haringey, London, Greater London, England, N17 9DQ, United Kingdom",B9J 6RF,2023-09-11 06:05:04
55,David,Raval,1999-12-30,david.raval@hotmail.co.uk,+44 8812 5061358,"173, Sutherland Avenue, Maida Vale, London, Greater London, England, W9 1ET, United Kingdom",GU3 5XB,2022-11-30 22:18:32
56,Amélie,Bataglia,1950-06-25,amélie.bataglia@yahoo.com,+44 7943 7087437,"Sheldon Road, Cricklewood, London Borough of Brent, London, Greater London, England, NW2 3AG, United Kingdom",G5 0QA,2022-08-22 06:43:52
57,Fiorino,Biswas,1962-12-10,fiorino.biswas@virgilio.it,+44 3107 2978899,"Norbury Hill, Norbury, London Borough of Croydon, London, Greater London, England, SW16 3LB, United Kingdom",GL5B 4BQ,2021-09-07 07:09:12
58,Lorraine,Ferragni,1941-09-25,lorraine.ferragni@yahoo.com,+44 8863 0869674,"Turners View, 12, Ingram Avenue, Hampstead Garden Suburb, London Borough of Barnet, London, Greater London, England, NW11 6TG, United Kingdom",WA2 8NQ,2023-03-05 04:12:16
59,Taran,Brown,1948-10-28,taran.brown@gmail.com,+44 0286 9063284,"Cold Blow Lane, New Cross Gate, London Borough of Lewisham, London, Greater London, England, SE14 5XH, United Kingdom",UB65 2EY,2017-11-09 15:26:52
60,Julie,Dalal,1987-04-27,julie.dalal@hotmail.com,+44 3871 7042333,"3, Woodside Mews, East Dulwich, London Borough of Southwark, London, Greater London, England, SE22 9LN, United Kingdom",SL60 3XS,2020-10-23 14:21:46
61,Tracy,Thaker,1975-03-25,tracy.thaker@yahoo.com,+44 0580 6111156,"Ally's Kitchen, 6, Navigator Square, Archway, London Borough of Islington, London, Greater London, England, N19 3TD, United Kingdom",W8 5ED,2022-12-28 03:03:51
62,Michael,Ravaglioli,1986-10-22,michael.ravaglioli@yahoo.fr,+44 1008 0467753,"1 St. Michaels Terrace, South Grove, Highgate, London Borough of Camden, London, Greater London, England, N6 6BE, United Kingdom",DN5Y 1RU,2018-09-20 13:56:53
63,Étienne,Morgan,1962-11-17,étienne.morgan@libero.it,+44 8769 9846878,"4, Eltringham Street, Battersea, London Borough of Wandsworth, London, Greater London, England, SW18 1TD, United Kingdom",FK8 4WD,2020-05-05 06:02:29
64,Loretta,Canevascini,1936-01-27,loretta.canevascini@hotmail.co.uk,+44 8082 8796593,"7A, Sheridan Road, Merton Park, London Borough of Merton, London, Greater London, England, SW19 3HW, United Kingdom",N17 9YN,2018-05-12 01:49:25
65,Céline,Travaglio,1980-02-14,céline.travaglio@gmail.com,+44 1238 8346653,"Melbourne Court, Crystal Palace, London Borough of Bromley, London, Greater London, England, SE20 8AR, United Kingdom",SO7M 0RN,2023-07-28 01:00:58
66,Aaryahi,Fernandez,1933-10-25,aaryahi.fernandez@free.fr,+44 6604 7598197,"The Plaza, 535, King's Road, Lot's Village, World's End, Royal Borough of Kensington and Chelsea, London, Greater London, England, SW10 0UA, United Kingdom",L92 8JW,2020-01-24 22:27:07
67,Lamberto,Turpin,1933-10-16,lamberto.turpin@sfr.fr,+44 0019 2018212,"Runnymede Crescent, Streatham, London Borough of Lambeth, London, Greater London, England, SW16 5UD, United Kingdom",S41 5RH,2019-05-12 02:57:52
68,Sabatino,Hammond,1945-11-29,sabatino.hammond@vodafone.it,+44 6682 9429729,"Franconia Road, Abbeville Village, Clapham Park, London Borough of Lambeth, London, Greater London, England, SW4 9NB, United Kingdom",HD44 0NT,2017-12-21 11:25:16
69,Lorraine,Mani,1923-02-20,lorraine.mani@gmail.com,+44 4128 4200554,"Becklow Gardens, Becklow Gardens Estate, London Borough of Hammersmith and Fulham, London, Greater London, England, W12 9ET, United Kingdom",B7K 1JT,2021-03-10 07:49:25
70,Bryan,Batta,1952-09-14,bryan.batta@voila.fr,+44 8947 1879298,"Ravenshurst Avenue, Hendon, London Borough of Barnet, London, Greater London, England, NW4 4EJ, United Kingdom",TS0A 9GJ,2018-10-17 04:52:45
71,Morena,Étienne,1954-01-27,morena.étienne@tele2.fr,+44 8079 7517255,"72, Crowndale Road, Somers Town, London Borough of Camden, London, Greater London, England, NW1 1TN, United Kingdom",SO5 7AL,2022-10-15 13:57:46
72,Adrienne,Didier,1922-08-23,adrienne.didier@hotmail.com,+44 2645 0176000,"Willifield Way, Temple Fortune, London Borough of Barnet, London, Greater London, England, NW11 6YE, United Kingdom",N8D 4LB,2023-05-04 10:27:33
73,Ashleigh,Casini,1996-11-25,ashleigh.casini@orange.fr,+44 5920 9015377,"The Parish Church of St John the Evangelist, Holloway Road, Archway, London Borough of Islington, London, Greater London, England, N19 3JD, United Kingdom",JE6N 2AX,2022-09-25 06:50:02
74,Liliana,Camicione,1978-09-15,liliana.camicione@hotmail.com,+44 6954 7850778,"Pound Lane, Willesden Green, Harlesden, London Borough of Brent, London, Greater London, England, NW10 2EN, United Kingdom",G7 0LU,2017-11-25 20:20:59
75,Catherine,Vismara,1925-12-11,catherine.vismara@gmail.com,+44 0182 8133366,"City of London School, Queen Victoria Street, Vintry, City of London, Greater London, England, EC4V 3AL, United Kingdom",LN3N 3JG,2014-10-02 22:40:42
76,Alphons,Barman,1973-09-07,alphons.barman@tim.it,+44 2858 2414817,"Royal Wimbledon Golf Course, Wool Road, Cottenham Park, Copse Hill, London Borough of Merton, London, Greater London, England, SW20 0HW, United Kingdom",L9 1HZ,2017-07-17 04:27:53
77,Antoine,Millet,1932-12-18,antoine.millet@hotmail.com,+44 5256 0263204,"The White Hart, New Cross Road, Telegraph Hill, New Cross Gate, London Borough of Lewisham, London, Greater London, England, SE14 5AA, United Kingdom",HA9 9ZS,2018-01-18 16:25:55
78,Hannah,Lalla,1938-01-03,hannah.lalla@tele2.fr,+44 9084 9034800,"Southwold Road, Clapton, London Borough of Hackney, London, Greater London, England, E5 9PB, United Kingdom",G6E 1QY,2020-05-13 19:10:37
79,Lynda,Clerc,1953-01-10,lynda.clerc@hotmail.fr,+44 7946 7070315,"Porden Road, Stockwell, London Borough of Lambeth, London, Greater London, England, SW2 5SA, United Kingdom",SP6 7LL,2022-02-08 22:05:41
80,Lisa,Taneja,2002-06-20,lisa.taneja@gmail.com,+44 4886 2650250,"Old Kent Road, Bermondsey Spa, Old Kent Road, London Borough of Southwark, London, Greater London, England, SE1 5LU, United Kingdom",M58 9BJ,2023-08-07 16:31:55
81,Gareth,Ferguson,1999-11-11,gareth.ferguson@tiscali.fr,+44 3118 2633733,"Cargill Road, Earlsfield, London Borough of Wandsworth, London, Greater London, England, SW18 3EG, United Kingdom",N1A 4PP,2022-12-27 09:58:06
82,Matteo,Thibault,1921-10-08,matteo.thibault@live.com,+44 6920 6953878,"Wiverton Road, Penge, London Borough of Bromley, London, Greater London, England, SE26 5HY, United Kingdom",E48 4TJ,2020-01-22 06:49:09
83,Leone,Fleury,2001-11-21,leone.fleury@yahoo.com,+44 9990 6874454,"Kenilworth Avenue, Wimbledon Park, London Borough of Merton, London, Greater London, England, SW19 7BA, United Kingdom",YO5 1QF,2023-09-16 19:48:22
84,Samantha,Bernetti,2002-05-21,samantha.bernetti@gmail.com,+44 6812 7901759,"45-62, Anerley Vale, Crystal Palace, London Borough of Bromley, London, Greater London, England, SE19 2AQ, United Kingdom",NW2 8PF,2023-05-18 04:21:42
85,Severino,Leblanc,1971-05-22,severino.leblanc@alice.it,+44 8001 0435320,"Lidl, Grove Road, Thornton Heath, London Borough of Croydon, London, Greater London, England, CR7 6HA, United Kingdom",HP02 6YU,2020-09-27 22:53:39
86,Jillian,Dumas,1986-07-25,jillian.dumas@yahoo.com,+44 9164 1550845,"Barabara Gibson, 412, Archway Road, Shepherd's Hill, London Borough of Haringey, London, Greater London, England, N6 5UA, United Kingdom",E9 7GD,2019-05-23 15:00:35
87,Ritvik,Harding,1986-09-10,ritvik.harding@gmail.com,+44 7738 6741734,"58, Belmont Avenue, West Barnes, London Borough of Merton, London, Greater London, England, KT3 4NN, United Kingdom",L98 3UE,2023-04-07 05:38:49
88,Anahita,Green,1959-09-21,anahita.green@libero.it,+44 2501 2150872,"Fulham Palace Road, Hurlingham, Parson's Green, London Borough of Hammersmith and Fulham, London, Greater London, England, SW6 6TA, United Kingdom",TD5 3WQ,2021-03-29 12:09:29
89,Charles,Daniels,1948-03-31,charles.daniels@orange.fr,+44 2149 5608159,"Tiverton Road, Brondesbury Park, Brondesbury, London Borough of Brent, London, Greater London, England, NW10 3HL, United Kingdom",ST9B 7WE,2019-09-20 08:28:24
90,Lawrence,Perrier,1936-04-18,lawrence.perrier@yahoo.com,+44 4262 0921053,"31, Waldegrave Road, Crystal Palace, London Borough of Bromley, London, Greater London, England, SE19 2AL, United Kingdom",DD12 9TZ,2021-08-21 20:51:12
91,Alexandrie,Semitecolo,1993-04-29,alexandrie.semitecolo@noos.fr,+44 5288 8231879,"The Willows, Bermondsey Spa, Old Kent Road, London Borough of Southwark, London, Greater London, England, SE1 5SY, United Kingdom",S9 5TT,2022-10-27 04:59:42
92,Gastone,Girard,1971-04-20,gastone.girard@hotmail.com,+44 6535 9970817,"Royal Hospital Road, Chelsea, Royal Borough of Kensington and Chelsea, London, Greater London, England, SW3 4TB, United Kingdom",CM4A 5BL,2022-02-26 07:56:59
93,Sandra,Turati,2001-09-19,sandra.turati@noos.fr,+44 8332 1129644,"Paul's Walk, Blackfriars, City of London, Greater London, England, EC4V 4DY, United Kingdom",TQ7R 3HJ,2023-05-30 02:52:41
94,Giovanna,Cianciolo,1958-05-24,giovanna.cianciolo@yahoo.com,+44 0376 6401902,"Millwall Path, New Cross Gate, London Borough of Lewisham, London, Greater London, England, SE16 3LN, United Kingdom",MK8 4GH,2017-10-18 00:04:16
95,Daria,Shaffer,1999-03-29,daria.shaffer@free.fr,+44 4110 5815186,"13, Green Lanes, Newington Green, Canonbury, London Borough of Islington, London, Greater London, England, N16 9BS, United Kingdom",SL6 9HF,2023-05-15 13:46:52
96,Pierre,Bean,1976-12-19,pierre.bean@libero.it,+44 3350 9678206,"Stamford Hill Primary School, Berkeley Road, Harringay Warehouse District, West Green, London Borough of Haringey, London, Greater London, England, N15 6HD, United Kingdom",E4K 6ZJ,2014-03-28 11:43:41
97,Kabir,Lanka,1927-03-23,kabir.lanka@libero.it,+44 8955 2465393,"77, Downs Road, Lower Clapton, Clapton, London Borough of Hackney, London, Greater London, England, E5 8QD, United Kingdom",HX0X 6XU,2021-06-28 14:18:43
98,Jose,Marie,1960-03-23,jose.marie@gmail.com,+44 7127 4729064,"Rodborough Road, Golders Green, London Borough of Barnet, London, Greater London, England, NW11 8RY, United Kingdom",G07 6FZ,2018-03-27 23:51:43
99,Federico,Mcintosh,1920-10-08,federico.mcintosh@hotmail.co.uk,+44 3719 4307591,"Highgate Golf Club, Denewood Road, London Borough of Haringey, London, Greater London, England, N6 4AH, United Kingdom",NP3M 0HG,2022-07-23 14:22:14
100,Jamie,Texier,1992-10-14,jamie.texier@hotmail.com,+44 6742 5821601,"Hawkstone Estate, Rotherhithe, London Borough of Southwark, London, Greater London, England, SE16 2UE, United Kingdom",N9G 6NE,2022-03-04 22:27:34
